Work Item ID: 1571 , Module: Patient Portal Appointments , Name: Local Time Zone Conversion , Id: TC010 , Description: Verify appointment times match user local target time zones automatically , Precondition: Server database time stamps persist tracking configurations natively in UTC. , Test Step: 1 , Test Step Description: Evaluate display text fields for the specific appointment scheduling elements. ," Test Step Expected Result: System automatically translates runtime timestamps into local parameters, rendering output value as 10:00 AM EST without backend data drift."
Work Item ID: 1573 , Module: AI Insights & Anomaly Detection , Name: Data Pipeline Health Monitor - Variant 13 , Id: TC0808 , Description: Verify accuracy and SLA metrics for Data Pipeline Health Monitor predictive execution , Precondition: Model checkpoint v2.4 loaded in runtime environment. , Test Step: 1 , Test Step Description: Interact with AI insight card component for Data Pipeline Health Monitor , Test Step Expected Result: Explanation model outputs clear feature contribution breakdown.
Work Item ID: 1573 , Module: AI Insights & Anomaly Detection , Name: Confidence Threshold Filter - Variant 10 , Id: TC0604 , Description: Verify accuracy and SLA metrics for Confidence Threshold Filter predictive execution , Precondition: Model checkpoint v2.4 loaded in runtime environment. , Test Step: 1 , Test Step Description: Interact with AI insight card component for Confidence Threshold Filter , Test Step Expected Result: Explanation model outputs clear feature contribution breakdown.
Work Item ID: 1571 , Module: Patient Portal Appointments , Name: Pagination Control - Variant 12 , Id: TC0710 , Description: Verify behavior of Pagination Control under standard network load conditions , Precondition: Database populated with active patient appointment records. , Test Step: 1 , Test Step Description: Select the target option from 'My Appointments' view for Pagination Control , Test Step Expected Result: Correct data visual tags render cleanly without page overflow.
Work Item ID: 1572 , Module: Claims Adjudication , Name: Maximum Out-of-Pocket Cap - Variant 11 , Id: TC0684 , Description: Verify system flags exception when Maximum Out-of-Pocket Cap criteria are met , Precondition: Fee schedule table configured in runtime memory. , Test Step: 1 , Test Step Description: Inspect adjudication output parameters for Maximum Out-of-Pocket Cap , Test Step Expected Result: Financial liability split correctly between member and plan.
Work Item ID: 1571 , Module: Patient Portal Appointments , Name: Pagination Control - Variant 7 , Id: TC0410 , Description: Verify behavior of Pagination Control under standard network load conditions , Precondition: Database populated with active patient appointment records. , Test Step: 1 , Test Step Description: Select the target option from 'My Appointments' view for Pagination Control , Test Step Expected Result: Correct data visual tags render cleanly without page overflow.
Work Item ID: 1573 , Module: AI Insights & Anomaly Detection , Name: Recommendation Engine Ranking - Variant 12 , Id: TC0715 , Description: Verify real-time notification trigger during Recommendation Engine Ranking , Precondition: Kafka event streaming topic connected. , Test Step: 1 , Test Step Description: Simulate statistical deviation vector to validate Recommendation Engine Ranking , Test Step Expected Result: System generates high-priority notification banner instantly.
Work Item ID: 1573 , Module: AI Insights & Anomaly Detection , Name: Custom Threshold Setting - Variant 22 , Id: TC1339 , Description: Verify real-time notification trigger during Custom Threshold Setting , Precondition: Kafka event streaming topic connected. , Test Step: 1 , Test Step Description: Simulate statistical deviation vector to validate Custom Threshold Setting , Test Step Expected Result: System generates high-priority notification banner instantly.
Work Item ID: 1571 , Module: Patient Portal Appointments , Name: Cancel Appointment Modal - Variant 21 , Id: TC1253 , Description: Verify that Cancel Appointment Modal operates correctly when loaded by patient user , Precondition: Patient user logged in with valid session token. , Test Step: 1 , Test Step Description: Navigate to the Patient Portal dashboard and trigger Cancel Appointment Modal , Test Step Expected Result: System successfully processes request and updates UI state within 2 seconds.
Work Item ID: 1573 , Module: AI Insights & Anomaly Detection , Name: Predictive No-Show Score - Variant 3 , Id: TC0166 , Description: Verify dashboard UI component displays output from Predictive No-Show Score , Precondition: Historical baseline metrics ingested and indexed. , Test Step: 1 , Test Step Description: Trigger dashboard refresh and monitor response latency for Predictive No-Show Score , Test Step Expected Result: Visualization widget renders top trends with accurate confidence scores.
Work Item ID: 1571 , Module: Patient Portal Appointments , Name: Appointment Reminder Toggle - Variant 4 , Id: TC0248 , Description: Verify edge case data handling during Appointment Reminder Toggle execution , Precondition: User profile settings configured with default preferences. , Test Step: 1 , Test Step Description: Submit the request form and observe screen update for Appointment Reminder Toggle , Test Step Expected Result: System logs action correctly and maintains complete session data integrity.
Work Item ID: 1572 , Module: Claims Adjudication , Name: Batch Claim Ingestion - Variant 10 , Id: TC0627 , Description: Verify system handles invalid or missing data during Batch Claim Ingestion , Precondition: Inbound EDI 837 claim processing queue online. , Test Step: 1 , Test Step Description: Submit claim batch containing edge case scenarios for Batch Claim Ingestion , Test Step Expected Result: System flags anomaly and routed claim to review queue instantly.
Work Item ID: 1572 , Module: Claims Adjudication , Name: Claim Line Item Split - Variant 18 , Id: TC1074 , Description: Verify claims rules engine properly calculates Claim Line Item Split , Precondition: Member eligibility database active and updated. , Test Step: 1 , Test Step Description: Trigger automated rules evaluation pipeline for Claim Line Item Split , Test Step Expected Result: Claim status transitions to expected terminal state with proper reason code.
Work Item ID: 1573 , Module: AI Insights & Anomaly Detection , Name: Feature Attribution UI - Variant 15 , Id: TC0898 , Description: Verify dashboard UI component displays output from Feature Attribution UI , Precondition: Historical baseline metrics ingested and indexed. , Test Step: 1 , Test Step Description: Trigger dashboard refresh and monitor response latency for Feature Attribution UI , Test Step Expected Result: Visualization widget renders top trends with accurate confidence scores.
Work Item ID: 1571 , Module: Patient Portal Appointments , Name: Cancel Appointment Modal - Variant 16 , Id: TC0953 , Description: Verify that Cancel Appointment Modal operates correctly when loaded by patient user , Precondition: Patient user logged in with valid session token. , Test Step: 1 , Test Step Description: Navigate to the Patient Portal dashboard and trigger Cancel Appointment Modal , Test Step Expected Result: System successfully processes request and updates UI state within 2 seconds.
Work Item ID: 1572 , Module: Claims Adjudication , Name: Deductible Met Flow , Id: TC021 , Description: Verify claim adjudication when out-of-network deductible is $0 (fully met) , Precondition: Member is enrolled. OON deductible balance is $0. , Test Step: 1 , Test Step Description: Ingest out-of-network outpatient diagnostic claim through the adjudication engine. ," Test Step Expected Result: System applies 30% coinsurance baseline ($150 member responsibility, $350 plan responsibility) and updates status to Adjudicated."
Work Item ID: 1571 , Module: Patient Portal Appointments , Name: Specialty Filter - Variant 21 , Id: TC1262 , Description: Verify that Specialty Filter operates correctly when loaded by patient user , Precondition: User profile settings configured with default preferences. , Test Step: 1 , Test Step Description: Select the target option from 'My Appointments' view for Specialty Filter , Test Step Expected Result: System successfully processes request and updates UI state within 2 seconds.
Work Item ID: 1572 , Module: Claims Adjudication , Name: Timely Filing Limit Edge - Variant 8 , Id: TC0502 , Description: Verify adjudication engine logic for Timely Filing Limit Edge , Precondition: Inbound EDI 837 claim processing queue online. , Test Step: 1 , Test Step Description: Trigger automated rules evaluation pipeline for Timely Filing Limit Edge , Test Step Expected Result: System flags anomaly and routed claim to review queue instantly.
Work Item ID: 1571 , Module: Patient Portal Appointments , Name: Chronological Sorting , Id: TC001 , Description: Verify upcoming appointments display ordered by date/time in ascending chronological order , Precondition: Patient user is logged in. Multiple scheduled active appointments populate database tables. , Test Step: 1 , Test Step Description: Navigate directly into the 'My Appointments' page grid dashboard view. , Test Step Expected Result: Portal interface correctly orders appointments chronologically ascending (earliest upcoming date maps first at top row position).
Work Item ID: 1573 , Module: AI Insights & Anomaly Detection , Name: Anomaly Detection Alert , Id: TC002 , Description: Verify alert generation SLA when a product metric deviates from historical distribution boundaries , Precondition: Pre-trained predictive model cores are fully operational. , Test Step: 1 , Test Step Description: Inject anomalous sample data stream into active processing queue paths. , Test Step Expected Result: AI processing layer intercepts structural boundary exception and sends a system alert UI notification within 2 seconds.
Work Item ID: 1572 , Module: Claims Adjudication , Name: Negative - Inactive Enrollment , Id: TC003 , Description: Verify claim is rejected if patient enrollment status is inactive , Precondition: Member enrollment status is terminated/inactive. , Test Step: 1 , Test Step Description: Submit out-of-network outpatient diagnostic claim. , Test Step Expected Result: Adjudication engine immediately rejects claim with denial code 'ERR-ENR-01' (Inactive Enrollment).
Work Item ID: 1571 , Module: Patient Portal Appointments , Name: Accessibility - WCAG AA , Id: TC004 , Description: Verify screen reader element tag descriptions on custom grid cards meet compliance layout needs , Precondition: Compliance criteria tracking operational. , Test Step: 1 , Test Step Description: Inspect keyboard tab focus sequence traversals across the list elements components. , Test Step Expected Result: All interactive containers emit accurate ARIA accessibility labels matching standard WCAG AA specification perimeters cleanly.
Work Item ID: 1573 , Module: AI Insights & Anomaly Detection , Name: Successful Insights Display , Id: TC005 , Description: Verify top 5 prioritized AI-generated insights display within 5 seconds of loading , Precondition: Valid product analytics data dashboard dataset is refreshed and available. , Test Step: 1 , Test Step Description: Trigger dashboard page refresh load. ," Test Step Expected Result: AI engine evaluates metrics and displays top 5 prioritized trends, anomalies, and recommended actions within 5 seconds."
